,valid_rmse,test_rmse
drop_0_columns,37410.330967758644,32535.348206436785
drop_1_pct_columns,38390.42530056968,34214.188099770254
