,valid_rmse,test_rmse
drop_0_columns,38475.86175181562,34371.4519310546
drop_non_zero,30546.83559027531,33381.8968541447
drop_none,37076.131488861,33092.8176649169
